MachineID,Cycle,VibrationRMS,Temperature,RotationalSpeed,RUL
MC-1001,1,0.15673464929144687,79.56443171345992,1498.310389316255,218
MC-1001,2,0.0980651408504864,79.46543515267197,1502.9739126137674,217
MC-1001,3,0.09797649740379333,80.94297552617404,1501.1001014851174,216
MC-1001,4,0.09486582305573889,78.43860661397137,1498.70904531181,215
MC-1001,5,0.060706119732073224,82.65836978861165,1500.1818539202893,214
MC-1001,6,0.10097062479441529,82.05647036437044,1495.9987743995243,213
MC-1001,7,0.18614077334977952,83.06014634288836,1499.323143338806,212
MC-1001,8,0.18458000761326968,79.30576879785012,1497.6465060239461,211
MC-1001,9,0.190752919600346,81.84129583016424,1496.9790492046473,210
MC-1001,10,0.11561055508272686,77.65995977184494,1502.2784755630319,209
MC-1001,11,0.14676930527506665,79.15610745738744,1500.5905431614033,208
MC-1001,12,0.2162807076703716,80.90575370556887,1495.6875505220908,207
MC-1001,13,0.15902136039371856,78.53868382515681,1497.6583755825995,206
MC-1001,14,0.21380982187086223,80.8342154558827,1498.8033314798363,205
MC-1001,15,0.24326309056659018,77.8693461134909,1503.0976225362774,204
MC-1001,16,0.33879274621305394,82.8068832251794,1498.6249403509187,203
MC-1001,17,0.2906672965397507,80.83155107922262,1499.0461812144233,202
MC-1001,18,0.289196599916131,78.87680333116444,1498.9846767924757,201
MC-1001,19,0.26035905706006984,78.93893046993591,1495.403287644743,200
MC-1001,20,0.27261862387098146,80.0646601104507,1497.9228566486245,199
MC-1001,21,0.37359301724136995,76.21070841850958,1499.3308470352024,198
MC-1001,22,0.15903579531261466,80.32446803983605,1498.5623783995738,197
MC-1001,23,0.3864815606047618,82.32358563474124,1499.1134277136318,196
MC-1001,24,0.2841734570346936,77.28622225441627,1502.088202710838,195
MC-1001,25,0.31498441700682145,80.99726646129746,1498.0312051456772,194
MC-1001,26,0.3349138271395649,80.69993890027195,1503.0966668083972,193
MC-1001,27,0.33934362677513247,78.45045558008034,1491.6315786299676,192
MC-1001,28,0.38462846413654184,79.31848960102104,1503.663285697911,191
MC-1001,29,0.45011178946180896,82.74824755231259,1498.12188425748,190
MC-1001,30,0.2849796881419276,77.28642738377845,1504.4003217990487,189
MC-1001,31,0.41472474369641954,79.26345196234185,1497.8300675640699,188
MC-1001,32,0.39318197567855023,79.37369449076907,1502.7249891091544,187
MC-1001,33,0.28504266751177376,79.87388712571553,1501.6826562725334,186
MC-1001,34,0.4054023648578838,81.62061290401702,1499.165997804189,185
MC-1001,35,0.34137421270493146,79.97501233312386,1499.5713645939759,184
MC-1001,36,0.4631940840747075,80.47232527221188,1497.1000145145993,183
MC-1001,37,0.4522439560354555,79.11000984152665,1497.576634732528,182
MC-1001,38,0.4584524160388203,78.93454754864575,1504.6913895587224,181
MC-1001,39,0.39234825500751525,81.1568270902219,1503.4359084418186,180
MC-1001,40,0.5267025238307397,80.50840568954489,1500.8874207075344,179
MC-1001,41,0.4927913942832691,80.06237323509602,1499.6313398082839,178
MC-1001,42,0.5126017908087585,81.50046165871673,1494.004453140234,177
MC-1001,43,0.4018079394264841,79.64925204097737,1494.0642691067621,176
MC-1001,44,0.39633852278058335,80.8542704397515,1500.962033605294,175
MC-1001,45,0.4875518082841624,79.59473927914487,1498.42839257985,174
MC-1001,46,0.40809294179525163,76.12582143258705,1493.9739926240286,173
MC-1001,47,0.5936684847572778,83.2687857409155,1499.8451596039893,172
MC-1001,48,0.46631934804444103,82.80564048614401,1489.6217722872987,171
MC-1001,49,0.529185299362653,81.89316867730103,1487.9130682147081,170
MC-1001,50,0.5044785599032012,78.7432522226759,1499.5217246435109,169
MC-1001,51,0.5017300157006008,80.52582407156956,1496.7666791239667,168
MC-1001,52,0.5913776004213412,82.92383150496055,1491.2151068031287,167
MC-1001,53,0.5455103851047371,81.66584268852608,1497.655224995003,166
MC-1001,54,0.6838699006947345,81.73613382136118,1500.791710366559,165
MC-1001,55,0.6343509730447168,82.43420000924564,1495.3452471974338,164
MC-1001,56,0.6437005592297721,78.95971817740447,1495.2039022196454,163
MC-1001,57,0.541442344305216,82.72784193203455,1492.7064831179841,162
MC-1001,58,0.6629722689265046,80.1130882695743,1500.2142346732896,161
MC-1001,59,0.63192538438639,80.68358558062914,1494.1169437494177,160
MC-1001,60,0.6295981179186859,79.2508203137746,1505.2407232358305,159
MC-1001,61,0.6495846826139396,79.57637683572406,1500.0309025896088,158
MC-1001,62,0.6495137138689866,79.09550163646551,1493.0861165668362,157
MC-1001,63,0.6581716097309709,80.1010376294576,1500.2738573012332,156
MC-1001,64,0.7026401449173195,80.6246882751662,1503.3625699983695,155
MC-1001,65,0.7052269484361097,82.00422751986484,1490.2993309721826,154
MC-1001,66,0.7460860564378637,79.13738796764477,1509.2744555025045,153
MC-1001,67,0.7298083457738561,80.55543209528321,1496.1767216764497,152
MC-1001,68,0.7513977294096509,81.156139945511,1499.8778576606658,151
MC-1001,69,0.7223687839494766,81.05020911745004,1499.592210182682,150
MC-1001,70,0.7394920470178449,82.47477558250385,1498.7367433972274,149
MC-1001,71,0.6928325685720681,83.17223879024063,1495.6162021483228,148
MC-1001,72,0.7057278892020539,84.21645046773516,1504.2709979086117,147
MC-1001,73,0.7041843559107348,79.49562181179243,1511.344737758629,146
MC-1001,74,0.7795654282032906,82.61335114896575,1505.4744788937078,145
MC-1001,75,0.7710480686910839,77.46334504416646,1503.3119950606424,144
MC-1001,76,0.7439089715057853,83.06736275620513,1492.3532276445571,143
MC-1001,77,0.7821925729264843,84.6769131484184,1494.5983726253014,142
MC-1001,78,0.7396306799166933,81.47051057094885,1498.4703217591102,141
MC-1001,79,0.8339379789010075,81.22505558186637,1505.6280038153157,140
MC-1001,80,0.8287185226930119,82.6806048845544,1488.2236018620513,139
MC-1001,81,0.8423667967671199,81.12605989421702,1505.0369078994431,138
MC-1001,82,0.8865605995566157,81.78349178937482,1503.9952267519081,137
MC-1001,83,0.750266225735432,82.7908264837913,1509.0149671886759,136
MC-1001,84,0.8437886448979786,80.92465077925671,1499.1875941876729,135
MC-1001,85,0.9472914842083298,84.94865892377682,1501.9691257089166,134
MC-1001,86,0.876932898386236,79.43896082117723,1491.1350416575267,133
MC-1001,87,0.9148413408837932,83.4335166443156,1499.5852067365154,132
MC-1001,88,0.8662534050164812,80.70917842442475,1506.5376581405612,131
MC-1001,89,0.907659684965017,85.97953911698947,1502.8169831611178,130
MC-1001,90,0.8949093212609209,81.49080578326523,1506.4612465874284,129
MC-1001,91,0.9660045726478435,81.95580628973964,1507.1062626166442,128
MC-1001,92,1.0437898417909903,83.96618094336014,1503.8721651509136,127
MC-1001,93,0.8926944358258345,83.4946174736632,1494.385641776699,126
MC-1001,94,1.0146059160537508,85.24121201637726,1510.6802950607987,125
MC-1001,95,0.9685849474942858,80.71283134626616,1488.2062218508577,124
MC-1001,96,0.9554533176610706,80.86175795822219,1497.3383833182245,123
MC-1001,97,0.9459579673188431,82.89581269794036,1500.7093852849378,122
MC-1001,98,0.9988531322608089,81.99225625762595,1491.331098529973,121
MC-1001,99,1.0497232895750284,85.21730043993637,1504.4167475181443,120
MC-1001,100,0.9133014230808598,84.61769033476186,1501.7254893541365,119
MC-1001,101,1.0128407703040352,82.17435324844116,1488.1199979601759,118
MC-1001,102,1.0273533345133328,83.46144472309275,1497.7822864421848,117
MC-1001,103,1.0639462886536966,84.80887665963157,1486.9879029321921,116
MC-1001,104,1.022670719839117,83.03915515149954,1502.4267534736748,115
MC-1001,105,1.069251894563568,81.64180319992171,1511.5491825451918,114
MC-1001,106,1.0399510705065653,87.60466858407602,1490.9268382798452,113
MC-1001,107,1.1236759626886004,85.00881728201652,1492.2982255318148,112
MC-1001,108,1.1600732000888871,84.85433123452276,1489.2489407372673,111
MC-1001,109,1.1992926525010243,85.06177676742607,1504.2206345321383,110
MC-1001,110,1.1241452714535227,83.73041716977237,1504.8557577089562,109
MC-1001,111,1.143842702705367,84.79308027109937,1491.9699899447892,108
MC-1001,112,1.0282038058092038,86.09761245849415,1498.0595813048262,107
MC-1001,113,1.1446054435710382,85.36720361909104,1503.532145677845,106
MC-1001,114,1.1944329870412034,86.52383231403583,1498.6163510448273,105
MC-1001,115,1.1942521410634543,86.09085994276943,1490.777276921516,104
MC-1001,116,1.0185341456361774,87.40339085978424,1487.6214937403522,103
MC-1001,117,1.0814630141572281,88.21351437459677,1500.1502899680424,102
MC-1001,118,1.2790630355822057,85.34368560650023,1487.1465307262272,101
MC-1001,119,1.1645768801008272,86.14529274577488,1498.093884014489,100
MC-1001,120,1.2207865047327509,85.65226560480112,1503.8938988760754,99
MC-1001,121,1.1975339200907589,87.32879607254192,1513.9590383529335,98
MC-1001,122,1.2203066734161878,87.83106918467972,1496.4692945263175,97
MC-1001,123,1.27033837878025,87.42993774646884,1492.9438689805602,96
MC-1001,124,1.2219514809055176,88.49484624621931,1499.8712805998696,95
MC-1001,125,1.2788023042571492,87.19538525266529,1506.543656758594,94
MC-1001,126,1.2346483368003622,89.62966593426835,1500.391787687275,93
MC-1001,127,1.2657671932247394,87.81944577667068,1506.0431510083909,92
MC-1001,128,1.2465247504173398,90.27809729650599,1512.5082003614687,91
MC-1001,129,1.2770952181765638,88.15177448574167,1516.44458334221,90
MC-1001,130,1.2736235058243255,86.70149225533505,1510.8414241861876,89
MC-1001,131,1.3550936252890333,87.66762817844317,1487.6334418496715,88
MC-1001,132,1.2752693367313968,89.45022428225455,1502.7034121294244,87
MC-1001,133,1.3201430143026125,89.19205444689533,1500.0487397084235,86
MC-1001,134,1.3275434791884086,90.41288955445513,1504.3091651599934,85
MC-1001,135,1.404373573760598,89.35801965447533,1506.2603673206477,84
MC-1001,136,1.3351907021693585,89.90723997288407,1511.4045548272104,83
MC-1001,137,1.4521560403633873,87.45671296073328,1487.3966970432302,82
MC-1001,138,1.2722847440913214,90.58991707010895,1494.9119017566593,81
MC-1001,139,1.362510809737944,90.51052524912639,1497.3195482449592,80
MC-1001,140,1.342197052371818,91.5988015766782,1506.29293816327,79
MC-1001,141,1.405282492260296,92.47843993315624,1491.2330742410693,78
MC-1001,142,1.3209425474324594,91.19018808239858,1508.836373185875,77
MC-1001,143,1.4195424064908946,93.7158962295872,1506.0853750072692,76
MC-1001,144,1.412068288766914,92.63132827254347,1502.912198139854,75
MC-1001,145,1.4479684736476945,91.55242742030775,1512.8425316456144,74
MC-1001,146,1.365192027635516,91.629457119055,1498.680005970005,73
MC-1001,147,1.4268466384380307,92.76391025286499,1483.5713476975293,72
MC-1001,148,1.4601322869033264,90.0577269157045,1519.3491340805151,71
MC-1001,149,1.421451540902742,91.01905310554535,1486.2677845624123,70
MC-1001,150,1.4332102249983418,93.62641183188968,1520.0613692125119,69
MC-1001,151,1.5336625142376508,92.64147742925357,1523.5467980250899,68
MC-1001,152,1.4602215548741648,93.27010385277516,1488.3183310948139,67
MC-1001,153,1.5489322617818004,92.61139091155621,1506.7917734949265,66
MC-1001,154,1.508925648765863,92.82881435461476,1489.1817428576023,65
MC-1001,155,1.498417872719299,91.51267842705111,1497.1109360732112,64
MC-1001,156,1.4686646078579952,96.2626715230974,1498.1275595377629,63
MC-1001,157,1.533885292997258,94.12263204044106,1520.1232162322563,62
MC-1001,158,1.5439623103178761,95.32255557993051,1501.2013350222971,61
MC-1001,159,1.5429157735321168,97.10648234356458,1496.6221042160887,60
MC-1001,160,1.5804367772191157,95.31939540783507,1514.0589395133225,59
MC-1001,161,1.5659571831463266,93.5451893196138,1510.4515137597114,58
MC-1001,162,1.588034398605425,96.35148612395221,1500.3303997823396,57
MC-1001,163,1.6451596815440102,98.23974967623334,1477.9487679088866,56
MC-1001,164,1.6321948029593905,95.32367807410648,1499.17621675884,55
MC-1001,165,1.5565030898030803,98.79351847709893,1502.8656645961614,54
MC-1001,166,1.5381279704936424,96.23153447323574,1505.52942015821,53
MC-1001,167,1.6677267706407557,100.14258420589827,1487.1347991811624,52
MC-1001,168,1.6016306555825435,98.80826608660212,1505.0232604113428,51
MC-1001,169,1.6082703017922861,99.05618812349705,1497.4943049211104,50
MC-1001,170,1.584569726021374,97.83560067587192,1501.0209213384683,49
MC-1001,171,1.572620479585492,99.34043429604482,1503.8844282904988,48
MC-1001,172,1.6448328112707127,101.90846162070942,1511.9140780604398,47
MC-1001,173,1.6364580457819762,99.88403607264149,1489.4028575709417,46
MC-1001,174,1.6525194240164542,96.98215560480024,1506.5765622026029,45
MC-1001,175,1.706612392071201,100.16134602363852,1506.6751269029817,44
MC-1001,176,1.7388769294993558,98.928709974313,1509.9746888359139,43
MC-1001,177,1.6433882282157775,100.60671693107625,1492.957928227554,42
MC-1001,178,1.7769115745665223,101.32788907158098,1500.2854170464993,41
MC-1001,179,1.6707459751054436,99.93144862081867,1504.8027524708368,40
MC-1001,180,1.7341090653081455,101.36719022541308,1494.2811926867194,39
MC-1001,181,1.7955300994801244,100.82395848008429,1505.0156472485833,38
MC-1001,182,1.7676734657081583,100.84432805462258,1501.5246302377777,37
MC-1001,183,1.7533147166908134,103.65041409474523,1480.5951517316123,36
MC-1001,184,1.7359033393154064,102.3489712414637,1524.9627267850024,35
MC-1001,185,1.8299167287501659,105.72877696762349,1492.5088426096281,34
MC-1001,186,1.7798716664179381,105.85692755918818,1476.5236325899536,33
MC-1001,187,1.8202383417613923,105.87061522747724,1509.0726737275759,32
MC-1001,188,1.7576529810922625,105.09342071030453,1495.6096147406245,31
MC-1001,189,1.8351617315319917,107.5690957546776,1506.27570664879,30
MC-1001,190,1.8805954866555505,105.39757591292091,1500.750244560982,29
MC-1001,191,1.7680623634566643,109.04916589500527,1516.4539194733118,28
MC-1001,192,1.8044609702713743,105.329293556108,1500.0807379839905,27
MC-1001,193,1.858197206155398,106.94848696225955,1512.0341540719553,26
MC-1001,194,1.9330316199756352,107.30904392761444,1507.9901427266286,25
MC-1001,195,1.8671627791167416,108.03670580409556,1512.4867037018957,24
MC-1001,196,1.8531463091582145,107.66054058334828,1509.8284744773753,23
MC-1001,197,1.8933293915262313,109.42786416809444,1487.5160671420408,22
MC-1001,198,1.8712999161297519,107.72523883765956,1490.6633170636915,21
MC-1001,199,1.873705310562294,111.68353849015635,1510.4002864489046,20
MC-1001,200,1.8923185211117712,110.21280645566455,1515.0886699594732,19
MC-1001,201,1.9196920123121441,110.6583646197788,1507.473446532655,18
MC-1001,202,1.8778923277218076,112.19617167825008,1493.9212252946734,17
MC-1001,203,1.9702530436553292,110.98827288913934,1477.2336958692667,16
MC-1001,204,1.9193369467049126,114.64034501012134,1502.9420844055346,15
MC-1001,205,1.91145564224768,115.47220724909583,1503.317845648565,14
MC-1001,206,2.024434338492583,110.64617518897775,1513.7877008758353,13
MC-1001,207,2.0054774947450147,113.96519154898195,1506.8482586526786,12
MC-1001,208,1.9537734679198018,114.89615751430343,1498.1471871126062,11
MC-1001,209,2.0018854996136994,112.78091174019265,1502.6640303733957,10
MC-1001,210,2.0061873488914683,115.2114045009695,1487.5196677381782,9
MC-1001,211,2.078593350888255,115.71983824895489,1525.829555455714,8
MC-1001,212,2.008213705294602,117.47376865016845,1506.2626255604478,7
MC-1001,213,1.9688551866917625,117.84930394080088,1508.4549129721365,6
MC-1001,214,2.076418119471793,118.32716689954614,1520.5541160431958,5
MC-1001,215,2.091119299343521,118.93219568351127,1497.727753718483,4
MC-1001,216,2.080633182614704,115.26724455284783,1509.3802486018315,3
MC-1001,217,2.160087373754431,118.32578129365363,1471.2062717656645,2
MC-1001,218,2.100670663058901,120.47071812853353,1500.3582780917025,1
MC-1001,219,2.127634052161983,119.57294579356441,1494.070861827132,0
MC-1002,1,0.03282101050842173,81.49292092673997,1502.0266938554134,224
MC-1002,2,0.1623604099958755,80.97742566058993,1501.4284167894484,223
MC-1002,3,0.14767900221032648,80.84822826179642,1500.5720673078617,222
MC-1002,4,0.14874283300966176,79.45526473680142,1499.6528918554661,221
MC-1002,5,0.10749548627419044,78.28011806739747,1499.3503444379144,220
MC-1002,6,0.19562896070837912,77.49255685286742,1498.8414398432992,219
MC-1002,7,0.1870499832278333,79.91801224647385,1501.9768173262291,218
MC-1002,8,0.1748003465722053,81.14911216159612,1501.8978524916972,217
MC-1002,9,0.06845476178134027,80.91749180036487,1497.623341680296,216
MC-1002,10,0.07548598670712281,79.58734995057983,1499.7432733719654,215
MC-1002,11,0.1574388123195784,79.9100608593845,1496.644820549151,214
MC-1002,12,0.26899784988688136,79.30779439532144,1500.4758892386144,213
MC-1002,13,0.27886211966610075,79.89259312231556,1502.3352412730073,212
MC-1002,14,0.14163524572973057,81.24030531091265,1494.0515543059978,211
MC-1002,15,0.2383443189655222,83.68246716858226,1500.7053891401863,210
MC-1002,16,0.301281283824749,82.3262636388915,1503.9966558443027,209
MC-1002,17,0.30621483219374,80.16755561989069,1498.833891782588,208
MC-1002,18,0.31538313786736294,81.64383552818842,1497.9421948167346,207
MC-1002,19,0.3672687537353573,79.38444219658072,1502.787152547926,206
MC-1002,20,0.2887620395707818,81.89522769563489,1494.4072453972417,205
MC-1002,21,0.2842583042024541,78.82675557611417,1503.622783089091,204
MC-1002,22,0.3711329546974096,78.88701479658617,1499.0187228435314,203
MC-1002,23,0.29110391772884725,81.56032697991951,1497.421149679617,202
MC-1002,24,0.35647730357325874,79.91268077129382,1499.0171577906951,201
MC-1002,25,0.39497068304837046,79.99246738539436,1497.8336456805482,200
MC-1002,26,0.26459291840186694,83.12124761304148,1498.9491805803214,199
MC-1002,27,0.36736060202019766,77.46218572372466,1502.9127840982621,198
MC-1002,28,0.36262684640920273,79.93533878889232,1500.0998771907812,197
MC-1002,29,0.3121130196720836,80.56025394389609,1500.5687546324282,196
MC-1002,30,0.34884910177278816,80.44331212649162,1501.24371453608,195
MC-1002,31,0.35474175683644427,81.12339568506964,1502.0776529002037,194
MC-1002,32,0.4354643215118661,80.00245572561691,1498.5932332997672,193
MC-1002,33,0.38178917148810443,81.1159287013663,1501.4758603610778,192
MC-1002,34,0.40909532889510264,77.06790779113777,1503.2782255130705,191
MC-1002,35,0.38392648480907793,80.42655282006457,1504.9958436673082,190
MC-1002,36,0.3794933119753298,79.85140025188248,1497.4784911617382,189
MC-1002,37,0.4197137306175224,83.16779746846852,1497.077957903952,188
MC-1002,38,0.32789396029321044,83.40197582022893,1503.628527044086,187
MC-1002,39,0.5513164833373184,79.93185722688982,1504.4599928755886,186
MC-1002,40,0.38362403945661494,82.51055960171935,1499.7887294076443,185
MC-1002,41,0.4755873439570938,81.44779867287582,1493.9740421198267,184
MC-1002,42,0.38772666486733903,79.10518493624372,1495.3427313756847,183
MC-1002,43,0.5025413117266281,80.63631114698613,1499.8145263318297,182
MC-1002,44,0.5066248191750254,80.22915981552583,1500.3905588089076,181
MC-1002,45,0.5501821935209764,81.84252530883218,1499.166975835978,180
MC-1002,46,0.555684764445324,79.58959088032857,1500.9972584754346,179
MC-1002,47,0.4713163179621005,78.38587443434145,1508.4779957828423,178
MC-1002,48,0.5192366586088709,81.43501892566549,1498.2278237452647,177
MC-1002,49,0.5499632005286156,80.75925513408203,1497.8223544395887,176
MC-1002,50,0.5242216213367558,79.7378715029746,1496.5140370179076,175
MC-1002,51,0.5682815377340688,81.77798205400236,1497.5179914229338,174
MC-1002,52,0.4842114818397898,80.55318427695347,1502.7110781206934,173
MC-1002,53,0.5479048803666057,79.52884031292143,1505.0152601387365,172
MC-1002,54,0.5013690010690937,81.82145485631133,1490.7577375240699,171
MC-1002,55,0.6273990032811507,80.87527233103637,1510.2202452034621,170
MC-1002,56,0.5499177790970808,80.81122326699682,1510.494745674662,169
MC-1002,57,0.6002331908493244,82.15892690324138,1502.6533751668103,168
MC-1002,58,0.5825862358788335,79.3393320854721,1502.3690784679295,167
MC-1002,59,0.6252522812685164,78.44623759545803,1501.3831591144437,166
MC-1002,60,0.6306297711445868,78.97030521347385,1495.5894035412748,165
MC-1002,61,0.6647598228279549,82.10550434120675,1502.9150628316227,164
MC-1002,62,0.5989961380941019,79.96496939217687,1497.56852043835,163
MC-1002,63,0.6641619117427713,80.34288616125379,1507.7189214633718,162
MC-1002,64,0.7009257737164769,80.71544067609618,1498.618248160405,161
MC-1002,65,0.6265914232822275,85.18918017710018,1498.6423648634695,160
MC-1002,66,0.760770738792707,79.9147723444855,1501.7994837166325,159
MC-1002,67,0.711677219036241,79.57259302625926,1496.5941174003044,158
MC-1002,68,0.647642978535207,79.39101252927497,1500.594483600385,157
MC-1002,69,0.7096045493457551,82.37486592957671,1498.8263447960733,156
MC-1002,70,0.6644164335423481,81.23240450315154,1501.6573123723779,155
MC-1002,71,0.7142201709938226,79.5096136106162,1496.647471334485,154
MC-1002,72,0.7400249868253524,79.99081067931772,1508.0187734517413,153
MC-1002,73,0.7641332324322353,80.30153763093912,1501.112310872532,152
MC-1002,74,0.7115870206691852,82.21700555183808,1500.1209997292897,151
MC-1002,75,0.7617358976417984,80.59205281817366,1507.5845008134713,150
MC-1002,76,0.7109406529772465,81.97273727352868,1501.6129121591641,149
MC-1002,77,0.8189375075936942,80.898313986054,1502.5345532873594,148
MC-1002,78,0.8084306133544574,83.43776260819664,1490.6136507298665,147
MC-1002,79,0.7778402423129529,81.957080513989,1494.9950146621168,146
MC-1002,80,0.8172680332606949,79.84903969583789,1502.2247829975831,145
MC-1002,81,0.8991410681462413,79.8188818749424,1507.18638086532,144
MC-1002,82,0.8976852621195185,80.29910387007453,1500.4957274124479,143
MC-1002,83,0.8905270527897565,84.81539385993825,1496.279125029926,142
MC-1002,84,0.8363477552763837,82.95251989172667,1503.1567685664645,141
MC-1002,85,0.8485885065233154,83.75430652905162,1490.511470519817,140
MC-1002,86,0.8825751783037501,82.76019187206508,1491.969211577925,139
MC-1002,87,0.86000556002676,81.3704843011109,1489.8723663562043,138
MC-1002,88,0.816477023190567,83.11070186599598,1503.0427363979495,137
MC-1002,89,0.87115063263457,82.34136341124048,1503.5593285077257,136
MC-1002,90,0.8499376028483817,82.88017531544794,1503.6133331524143,135
MC-1002,91,0.8208085200365957,81.76236856407407,1495.3929146850246,134
MC-1002,92,0.8976344334520172,83.32814330270864,1495.9500376693868,133
MC-1002,93,0.9427591368010684,78.40275085493862,1500.8229358896692,132
MC-1002,94,0.8520996208656364,81.86509787718921,1498.553554872719,131
MC-1002,95,1.0318781894077427,81.86205608685748,1489.110292990653,130
MC-1002,96,0.9661068791014296,84.37606926923316,1492.1359462872208,129
MC-1002,97,0.9591926601962717,82.09049274310715,1502.4729475157078,128
MC-1002,98,0.9376101443789521,82.73151813296029,1493.318270143699,127
MC-1002,99,0.9474257218869659,82.46645936461664,1506.0720569615023,126
MC-1002,100,0.8853183889673594,82.33888320688453,1505.0312573198876,125
MC-1002,101,0.9835500938602293,85.49746085618692,1506.092199949196,124
MC-1002,102,0.9937986447500019,84.9933172487789,1489.6820523565918,123
MC-1002,103,0.9361988547746958,82.4789211305684,1513.9588629736102,122
MC-1002,104,1.1359463443872384,82.783802264632,1517.9530431447095,121
MC-1002,105,1.084302968683418,84.64138508995167,1493.8240068460887,120
MC-1002,106,1.0031864560659578,82.70714815306773,1497.1304010635397,119
MC-1002,107,0.9898156815695719,82.42519429679881,1495.082703737998,118
MC-1002,108,1.0337290082777542,83.09355540645727,1511.2960683082495,117
MC-1002,109,1.0455226782337672,84.98928954647596,1494.697230240335,116
MC-1002,110,1.0229903155247384,82.3518580039742,1503.6076934951977,115
MC-1002,111,1.0465342688462922,86.7782247757864,1498.474403915871,114
MC-1002,112,1.1129326268836817,81.78821708109717,1507.7837222286946,113
MC-1002,113,1.1393636472148936,85.35667560319541,1498.836729861353,112
MC-1002,114,1.0823019113828163,86.87030798138139,1496.248687972981,111
MC-1002,115,1.1303853915527229,86.33200620281517,1495.9461374567618,110
MC-1002,116,1.1986001300799398,85.68093520611163,1490.5222998678778,109
MC-1002,117,1.0519155922679775,87.50348629761804,1498.0519013353016,108
MC-1002,118,1.1453363672480419,85.74093968242074,1505.9010778938693,107
MC-1002,119,1.2397100329513409,87.65248100243576,1502.2076425249309,106
MC-1002,120,1.1118912432423935,82.40455891709117,1493.099937877397,105
MC-1002,121,1.149945114146457,88.69126192735087,1496.066242325513,104
MC-1002,122,1.1293135328299246,85.5566730329103,1498.1680706082755,103
MC-1002,123,1.1690410639324569,86.9787013184282,1493.0655241132501,102
MC-1002,124,1.2846220435906541,85.96997286401006,1482.3879851840688,101
MC-1002,125,1.2952743550765964,86.48172623117098,1517.39734480089,100
MC-1002,126,1.1564461804667947,85.53849363575726,1487.1230712509596,99
MC-1002,127,1.191904081811864,86.96691574528832,1506.8433975121848,98
MC-1002,128,1.3290745464323865,88.13679420670904,1500.5993285395577,97
MC-1002,129,1.2902890373353206,86.35820176270835,1503.9571193846562,96
MC-1002,130,1.3142634339598398,90.10338129854017,1507.4778400841512,95
MC-1002,131,1.2704714822560113,89.12328647687784,1502.7909537353826,94
MC-1002,132,1.3655492324986507,85.95529464248149,1510.4429691248672,93
MC-1002,133,1.3427511569621118,86.76452690682741,1491.50272715864,92
MC-1002,134,1.3046205841329155,86.68481063326043,1499.397867360382,91
MC-1002,135,1.2963468720537126,89.82342474503075,1505.7576798615105,90
MC-1002,136,1.291669042469611,86.27563838309368,1505.2193220208455,89
MC-1002,137,1.2537888125366923,91.7192790310732,1498.201637764856,88
MC-1002,138,1.2480407234276256,89.27079074222976,1509.5093845014812,87
MC-1002,139,1.4337853558001257,91.94222685239181,1510.5248129498102,86
MC-1002,140,1.31003198300768,89.88630369454764,1508.9416488447212,85
MC-1002,141,1.3490192067519324,89.04528334580797,1508.7501869321486,84
MC-1002,142,1.4587090985176294,91.26011687010805,1503.9786129678587,83
MC-1002,143,1.2891636090324545,92.00830510478397,1512.49490624888,82
MC-1002,144,1.4538971367926146,91.99129210699796,1511.3508944226162,81
MC-1002,145,1.4474530961786793,93.11596388342011,1497.078210720942,80
MC-1002,146,1.4168768149409046,89.26250685480503,1496.630133510539,79
MC-1002,147,1.4309015778912293,88.79937705931563,1485.2980547817147,78
MC-1002,148,1.4590198163682495,93.12265746031018,1486.8409520839687,77
MC-1002,149,1.4380394093450761,91.7390123987871,1491.4037729243648,76
MC-1002,150,1.4280907970740635,90.91389390452545,1490.5733523798788,75
MC-1002,151,1.4995297004757182,92.94925356997891,1505.6225701352062,74
MC-1002,152,1.470034756414493,89.64040221406012,1517.8250144615497,73
MC-1002,153,1.4174997983149273,92.4834437817665,1507.9081828207593,72
MC-1002,154,1.3630800674712977,91.14635326409127,1495.359820210352,71
MC-1002,155,1.4367628948143214,91.58840199509125,1476.8231006649792,70
MC-1002,156,1.503940907826579,93.15901892343739,1512.3918929631695,69
MC-1002,157,1.5546768958044979,93.61617696769312,1481.3852032682923,68
MC-1002,158,1.5569849225588506,93.00731701888803,1507.7714952657934,67
MC-1002,159,1.4468644053548925,94.06814266885294,1496.2428510117945,66
MC-1002,160,1.4799294608317441,96.12489619870135,1479.3064030207718,65
MC-1002,161,1.531884911477174,94.92540809281655,1491.0706623492772,64
MC-1002,162,1.6181301608911909,96.39232656354505,1501.7413613118417,63
MC-1002,163,1.614310826257298,96.66884460638931,1513.368099680751,62
MC-1002,164,1.548190647947616,97.03771609524789,1505.2286501841843,61
MC-1002,165,1.5172760314246059,96.30309207625913,1498.9759719329807,60
MC-1002,166,1.587918702276147,96.16271011579582,1494.4985311873265,59
MC-1002,167,1.5911202687258617,93.8062268817345,1498.5490987448588,58
MC-1002,168,1.5472835953826618,96.59141994619472,1511.3919714683732,57
MC-1002,169,1.6306992465958707,94.16426469379822,1505.3310445228738,56
MC-1002,170,1.593017708461882,97.32503536723765,1490.3559842751795,55
MC-1002,171,1.5900279590673545,98.0531417951695,1499.7826891493246,54
MC-1002,172,1.680986642934087,96.51086395591338,1501.5626846597117,53
MC-1002,173,1.635289602082807,99.1800061250556,1498.872905355766,52
MC-1002,174,1.638581107263951,100.6717656007623,1495.38441449999,51
MC-1002,175,1.6681029050809169,99.0697842457826,1478.4432953038406,50
MC-1002,176,1.7410470438914594,100.60455912230933,1508.309735181667,49
MC-1002,177,1.6594727019972866,99.80763399633781,1489.7917800164432,48
MC-1002,178,1.6598853656271164,98.45531773490193,1516.590779907446,47
MC-1002,179,1.7381286149500348,100.57627949257414,1493.2274740327305,46
MC-1002,180,1.720272956696412,102.68170968229977,1503.7868223329945,45
MC-1002,181,1.7676558091890227,99.8404969849811,1497.8441225804686,44
MC-1002,182,1.7322678634539466,102.63181162216699,1486.9910149628238,43
MC-1002,183,1.7249050557369083,102.44310638094194,1485.129150917497,42
MC-1002,184,1.7018604618570365,100.67416225116409,1505.5153811789241,41
MC-1002,185,1.6076413817929769,100.50768010114791,1499.52134535601,40
MC-1002,186,1.8222089832840451,104.32259125519154,1496.597534050792,39
MC-1002,187,1.7986882322961488,101.82321142532233,1492.8355794939012,38
MC-1002,188,1.7605479696176578,102.03524434276872,1487.0787261478167,37
MC-1002,189,1.9166935344209757,104.64044041615668,1509.7800732822893,36
MC-1002,190,1.7434773605450575,104.28060619657893,1494.1713797083914,35
MC-1002,191,1.813878652762189,105.98219141742183,1488.0068618331604,34
MC-1002,192,1.7990684362836733,103.69281199725083,1497.4124033263208,33
MC-1002,193,1.879511528341303,104.07554806350718,1486.3206925813063,32
MC-1002,194,1.854986198959232,104.6169870722888,1492.097097928138,31
MC-1002,195,1.8893118743811985,108.25580368513504,1498.9793726210146,30
MC-1002,196,1.87790150615312,108.99063517301066,1511.9845437322774,29
MC-1002,197,1.8746003688189332,108.60729798618537,1504.066655492046,28
MC-1002,198,1.7366478039348636,108.90919370853493,1492.8651048667728,27
MC-1002,199,1.8391514453994784,108.86652162646031,1510.8305437697577,26
MC-1002,200,1.8887855389056727,108.90852711142864,1497.5551619583157,25
MC-1002,201,1.8941515816833527,105.43292638808154,1509.767454014117,24
MC-1002,202,1.860281209893429,109.14215744279144,1481.5157254450733,23
MC-1002,203,1.9434509517147205,109.94627761785556,1524.0849550021644,22
MC-1002,204,2.0072091079907297,109.4749140070394,1472.2714588213,21
MC-1002,205,1.9488687141185155,110.8263678998874,1512.2112416523116,20
MC-1002,206,1.8650885574175728,113.31779735447085,1516.395733088144,19
MC-1002,207,1.967202629120286,108.15566792507228,1507.4747695231622,18
MC-1002,208,1.946494921408233,111.30753777534771,1512.5714629281795,17
MC-1002,209,1.923423325840313,112.31414607573141,1482.4796431606312,16
MC-1002,210,1.9387262158462824,111.9004364665941,1492.3670371865483,15
MC-1002,211,1.9626642018306417,114.30325458119788,1494.7322939758737,14
MC-1002,212,1.9238572787776054,114.57566265544851,1496.9054151003252,13
MC-1002,213,1.9702114190492324,113.6977289220769,1506.3232556622886,12
MC-1002,214,1.9748243017345017,112.34418510485787,1506.5805767696786,11
MC-1002,215,2.00510431425076,114.11174734599355,1489.9382901510232,10
MC-1002,216,1.976135623307095,116.47169861260068,1482.9004551661253,9
MC-1002,217,1.9792643254936928,113.4844341127803,1492.478557378984,8
MC-1002,218,2.050137895168625,113.63952239734326,1489.1892596301925,7
MC-1002,219,2.0030930496265,116.60505151661953,1498.2132171417613,6
MC-1002,220,2.102766953546161,118.59154894539483,1502.3517702118445,5
MC-1002,221,2.0742220774530344,116.27783726704709,1490.8378563468718,4
MC-1002,222,2.0532318084345613,120.0941103265196,1501.7696555302305,3
MC-1002,223,2.08432111295876,120.06115865644647,1482.1787028979193,2
MC-1002,224,2.0690212149464524,120.51788824013431,1503.5889593999582,1
MC-1002,225,2.0819024593116144,120.45299842123816,1500.5593824813463,0
MC-1003,1,0.0426512564655786,80.38448743637842,1501.3193669827144,217
MC-1003,2,0.11191051601110825,77.90244374576965,1505.916320457921,216
MC-1003,3,0.2045263685406563,79.28054582977141,1494.600917504214,215
MC-1003,4,0.07870835562557121,78.7139522686355,1502.1973031784942,214
MC-1003,5,0.1265727064254525,80.94878086146056,1500.1580945003977,213
MC-1003,6,0.18591206930740165,80.17851389600911,1501.155036340037,212
MC-1003,7,0.09388670073208603,79.94910052579537,1498.7735121762576,211
MC-1003,8,0.21560314185411472,80.34579476462832,1501.431372096356,210
MC-1003,9,0.15124384425418302,78.31441031261954,1504.6318351897917,209
MC-1003,10,0.1407776068512296,79.97285340439144,1501.24561941386,208
MC-1003,11,0.21479115798033901,83.13658030714093,1499.5586093742231,207
MC-1003,12,0.2446842328411874,79.48741333007538,1498.537057364352,206
MC-1003,13,0.22277996788650814,81.22265215678529,1497.073966245307,205
MC-1003,14,0.10028742778630517,79.88430814571909,1502.5299274453296,204
MC-1003,15,0.2076945499169409,80.97597509358629,1500.6866387100672,203
MC-1003,16,0.20069439435836967,80.00234460897455,1500.2860400537922,202
MC-1003,17,0.19148209690247864,77.06359797866517,1503.1228996054488,201
MC-1003,18,0.28173511777187876,82.34088203891149,1501.2396599684487,200
MC-1003,19,0.2400769342875076,81.54980496965015,1495.9455729634954,199
MC-1003,20,0.2807961465587633,77.0302329772907,1504.9511232991674,198
MC-1003,21,0.3011488425327702,80.88503409056679,1504.4714193897873,197
MC-1003,22,0.2964823618084897,80.03981845195139,1498.3153633736868,196
MC-1003,23,0.3922364815297972,77.41129006243382,1498.4607860275084,195
MC-1003,24,0.2608304730051018,81.1045883629803,1501.2760186567896,194
MC-1003,25,0.2889717692325028,81.33072440449736,1502.8043892881383,193
MC-1003,26,0.3469166133147379,80.01869200837363,1501.9936284536893,192
MC-1003,27,0.2841692980696743,80.80223148063708,1497.139669019365,191
MC-1003,28,0.423659397523986,80.50597900898264,1499.3113065332568,190
MC-1003,29,0.3931172645231048,80.29316638012325,1502.1230286041318,189
MC-1003,30,0.34647604810469834,77.66429784768879,1497.5767215226424,188
MC-1003,31,0.3991231586729761,80.2999681867164,1494.852529751828,187
MC-1003,32,0.3650194240411475,79.23581777967692,1501.4413827910575,186
MC-1003,33,0.36209773391657873,79.921047354915,1501.9985807842845,185
MC-1003,34,0.4418965797688299,77.71914646862699,1501.0685634900165,184
MC-1003,35,0.40898881727612596,78.44787648554022,1494.9338479584076,183
MC-1003,36,0.3076774747327858,79.28121604776732,1506.7840444055018,182
MC-1003,37,0.47977236532034495,82.48834591090309,1503.4740229360343,181
MC-1003,38,0.5119972771359997,79.48952589695163,1499.6422820984235,180
MC-1003,39,0.4376537611068971,81.14049209676737,1498.3620509548407,179
MC-1003,40,0.5207470897836114,81.55637564899578,1496.6664751133862,178
MC-1003,41,0.43921075392915887,78.19634145735765,1492.2207299553866,177
MC-1003,42,0.53622260483519,81.75365697788172,1495.3510002699866,176
MC-1003,43,0.45025688119145524,80.85930912319989,1501.853799754826,175
MC-1003,44,0.4261708975187678,81.04018643756352,1505.6642159814392,174
MC-1003,45,0.6006950114606864,79.13699639634011,1498.1770950068708,173
MC-1003,46,0.5809445385241738,80.24936415070368,1490.8253979562355,172
MC-1003,47,0.5503811581977908,80.83413301083996,1502.316989675219,171
MC-1003,48,0.5211196729122718,79.15650933878261,1501.258246394556,170
MC-1003,49,0.5709105459052646,79.04840815117905,1505.1397513777852,169
MC-1003,50,0.5764692080122858,80.57327168264501,1498.1714365613166,168
MC-1003,51,0.5695338250100912,80.87618498804507,1498.3207468707408,167
MC-1003,52,0.5354392128490985,84.59790724712876,1500.0229534711382,166
MC-1003,53,0.5873216594935716,83.52032877330693,1500.7474674058046,165
MC-1003,54,0.5469247561135013,78.12710928689984,1501.1080593135741,164
MC-1003,55,0.6163654531245347,82.47651054846477,1499.3644865331628,163
MC-1003,56,0.593209278991443,82.77635499941594,1489.7766030095142,162
MC-1003,57,0.611594757909429,82.82152093093532,1502.778488598306,161
MC-1003,58,0.7116493017906024,81.14484199623914,1501.7996499276492,160
MC-1003,59,0.650766422725378,81.18029624634671,1507.1720202133713,159
MC-1003,60,0.716034578821093,81.2508389251949,1497.630943078773,158
MC-1003,61,0.5818888115530085,81.16599557588367,1496.2720819359413,157
MC-1003,62,0.6315527512813338,79.66754179557657,1495.5488759223858,156
MC-1003,63,0.6840632045614332,78.284813724167,1495.7822633903227,155
MC-1003,64,0.7818743173865692,81.5148482093698,1496.0468048130526,154
MC-1003,65,0.736454925570346,81.60098277288813,1502.2758631077752,153
MC-1003,66,0.6952596846784087,79.1447294441518,1501.900905989847,152
MC-1003,67,0.6773369671003003,81.9299001460512,1501.0850927087747,151
MC-1003,68,0.6513920459043796,80.38208841463774,1502.5769050826812,150
MC-1003,69,0.6896544830085095,82.78238494163662,1500.4852023423246,149
MC-1003,70,0.7785007756730999,80.7968858961741,1491.7952239026076,148
MC-1003,71,0.8012621182709804,80.34733180013886,1496.241112737161,147
MC-1003,72,0.7647330121450628,78.38072418521315,1501.6403884055453,146
MC-1003,73,0.7767222370460793,80.92310672814305,1501.0167587750325,145
MC-1003,74,0.8686888320665059,76.81205353656321,1507.5722690169841,144
MC-1003,75,0.7391164546029201,83.21797371392675,1502.6051228548213,143
MC-1003,76,0.8515759108153251,80.1148583004135,1500.274810699864,142
MC-1003,77,0.8125027327564827,80.69117089285584,1499.0388109402331,141
MC-1003,78,0.7934522648076003,84.36401279668067,1492.4243193665864,140
MC-1003,79,0.8583939356551354,79.52424483454284,1499.9662554906463,139
MC-1003,80,0.8060270277390832,82.20645604040803,1503.7052039983394,138
MC-1003,81,0.7402687140424469,84.00272281005351,1507.940834150799,137
MC-1003,82,0.8647222068240029,82.37868378060058,1501.816387054991,136
MC-1003,83,0.9198287360225812,81.9864320573432,1496.6997241622134,135
MC-1003,84,0.8766483020257799,83.70307512599793,1498.831027192599,134
MC-1003,85,0.866373630638395,82.00130947806615,1499.8209676342087,133
MC-1003,86,0.8954692779367498,84.81782401752169,1497.0278419874905,132
MC-1003,87,0.8960656765170347,80.6191084991501,1498.2574679961124,131
MC-1003,88,0.9872333489784206,81.37000272734662,1517.321593157953,130
MC-1003,89,0.9051341944071501,79.9920153740206,1499.9059390900904,129
MC-1003,90,0.8420175002676363,81.67808558227141,1494.7548928096728,128
MC-1003,91,0.9451823586436272,82.56147918327147,1497.5548716324017,127
MC-1003,92,1.0450698045934974,83.3258093158339,1503.6593784573995,126
MC-1003,93,0.937169203235777,84.93159485995116,1494.325892767545,125
MC-1003,94,0.9701673750249543,82.62349511513224,1502.7718476286173,124
MC-1003,95,0.9230185395901311,82.56672290693548,1500.829895660313,123
MC-1003,96,1.0088420547836394,84.02024737139809,1493.1724346426358,122
MC-1003,97,0.9668756423594265,82.30244191596032,1491.8217071017195,121
MC-1003,98,1.0156666588469014,85.89048675696007,1505.4625946758833,120
MC-1003,99,1.0115026242799448,83.59289277986663,1484.4438581163338,119
MC-1003,100,0.9625859993510191,85.10958228005849,1494.305239478043,118
MC-1003,101,1.052964680656417,82.83065565196829,1501.161149956469,117
MC-1003,102,1.0466646468427492,84.40060757712648,1498.3239773584655,116
MC-1003,103,1.0417962912200178,85.13355656903198,1503.8862000026922,115
MC-1003,104,1.0903410081409006,83.71635931624834,1493.4697716541757,114
MC-1003,105,1.042886282018626,80.96095840923805,1489.0662666576568,113
MC-1003,106,1.067807053374544,84.2237478591133,1493.8317652373892,112
MC-1003,107,1.0856055394252824,86.41342505630912,1492.9889012850165,111
MC-1003,108,1.1130131037577058,83.81490579054642,1503.4785407866132,110
MC-1003,109,1.0202520952372542,87.49553951282743,1493.4020531561268,109
MC-1003,110,1.1608748302634992,83.67347315581901,1501.685709194675,108
MC-1003,111,1.1046555549311676,85.8263006638595,1489.9794260550857,107
MC-1003,112,1.124883702712981,87.23525074285317,1487.2855113794726,106
MC-1003,113,1.1990126517304174,85.26460440295372,1502.3080264441635,105
MC-1003,114,1.2256562871481294,83.87972236177477,1497.5779948138154,104
MC-1003,115,1.1788437576517492,85.67035904356244,1496.821637213106,103
MC-1003,116,1.2260918238502019,86.28277829134026,1494.1264381254834,102
MC-1003,117,1.2084540309784653,90.27852041930979,1507.9765715313922,101
MC-1003,118,1.1347704184237983,85.32918955481475,1509.1027067058408,100
MC-1003,119,1.134429131631804,88.20422706375841,1500.1494662323055,99
MC-1003,120,1.2012377733062327,86.77515335774434,1498.5719024027444,98
MC-1003,121,1.2407737509960621,87.6006726853152,1506.7240459842901,97
MC-1003,122,1.1383531899333246,86.21001206932297,1485.6444414656817,96
MC-1003,123,1.1793383171563945,84.15889448605122,1493.0789525941682,95
MC-1003,124,1.2386395239258796,87.88171588364136,1505.5322401514659,94
MC-1003,125,1.2834457779978223,87.70638471482359,1509.1436507810918,93
MC-1003,126,1.2993196366123052,87.025733949676,1483.0351525593783,92
MC-1003,127,1.2843529278596522,87.01544485821607,1504.4670078118838,91
MC-1003,128,1.2584732605233233,91.16871298021815,1500.1829715006818,90
MC-1003,129,1.3103209398810856,90.90436439643584,1496.1692387316991,89
MC-1003,130,1.2068050998588302,89.0821923429155,1479.3220616694168,88
MC-1003,131,1.3852657461179716,89.01100315398834,1506.7807403455079,87
MC-1003,132,1.2604156878731283,84.4932799821193,1501.999965459964,86
MC-1003,133,1.3453651938480264,89.28968834481567,1502.7708313987905,85
MC-1003,134,1.4204368206725237,88.65489753383581,1499.0356695568723,84
MC-1003,135,1.3109183907557969,85.64598881348178,1491.0172462954852,83
MC-1003,136,1.279269513570622,88.52102710393973,1488.1257832130918,82
MC-1003,137,1.331006208918672,90.78194759215765,1493.432134966561,81
MC-1003,138,1.4054733329612072,91.78278131854832,1504.6757373597986,80
MC-1003,139,1.3803978654521667,90.6205034025427,1477.7698511158874,79
MC-1003,140,1.3973672919656976,92.04084887527371,1499.0751510459954,78
MC-1003,141,1.3952600867863352,92.96012535579393,1492.5594793950993,77
MC-1003,142,1.4483272277708819,91.82916101608537,1494.4218547449225,76
MC-1003,143,1.4071169312590566,90.0562007109732,1503.1434573383783,75
MC-1003,144,1.3796782386731876,89.75492342839902,1497.9843558033624,74
MC-1003,145,1.34714753475847,89.91862720809301,1483.8691019182143,73
MC-1003,146,1.5136356840056475,92.53204105463973,1507.5470267655014,72
MC-1003,147,1.4180134113027212,93.80976676115894,1488.190340117032,71
MC-1003,148,1.4935220611198357,91.12965919584794,1498.6613819978297,70
MC-1003,149,1.4233228531543713,93.53540568338497,1509.2422033822336,69
MC-1003,150,1.4221306844671648,92.60096240096965,1498.4341547671818,68
MC-1003,151,1.5240963832953651,92.80315316113075,1493.0134744324623,67
MC-1003,152,1.491275662509055,94.49434987515286,1498.3607005620645,66
MC-1003,153,1.5180685176196045,92.02889182535858,1479.8657292731223,65
MC-1003,154,1.3985266173427433,93.03015102427075,1515.7580540325619,64
MC-1003,155,1.5773041615825214,94.2127741651804,1478.2444033188206,63
MC-1003,156,1.552118907047803,95.20541412542782,1496.1424054942077,62
MC-1003,157,1.6645981950330557,95.87093852002113,1495.326994532506,61
MC-1003,158,1.5411387217709287,94.27067652955924,1502.8022279971915,60
MC-1003,159,1.5311235547147533,94.92318664763991,1501.458730489823,59
MC-1003,160,1.591496861907216,96.88149172724115,1506.5248040443505,58
MC-1003,161,1.5262890277270784,96.24905677595453,1499.3955669955506,57
MC-1003,162,1.5682209057786403,98.33706005723224,1491.962370798494,56
MC-1003,163,1.59939943873503,99.56346642771851,1513.5151958045337,55
MC-1003,164,1.6232533716904893,96.01084160893159,1483.9725285180282,54
MC-1003,165,1.6612994118090885,98.81936831592449,1513.5637796433728,53
MC-1003,166,1.6503878729817039,98.37216191131597,1483.636470605438,52
MC-1003,167,1.6536228137361635,98.16414557647474,1489.1338757599453,51
MC-1003,168,1.6207995877215766,97.73753426883671,1506.034142662042,50
MC-1003,169,1.648935863860971,97.96403603040241,1516.7097706134873,49
MC-1003,170,1.7013691972934466,98.96174894615845,1502.0178445608146,48
MC-1003,171,1.6929156963971523,100.75424219970421,1493.5831261521876,47
MC-1003,172,1.7258861127831484,101.45769785237682,1487.4713920479574,46
MC-1003,173,1.6382966042769136,99.51909170239956,1502.8290871908061,45
MC-1003,174,1.6975474367487842,100.08432652640231,1493.5488645182793,44
MC-1003,175,1.6452636710756927,99.86030115381743,1511.359959195125,43
MC-1003,176,1.7129772191685118,97.88580592403196,1516.7606145361242,42
MC-1003,177,1.6192681304222116,100.36575673579402,1498.2221605592606,41
MC-1003,178,1.7563578709420617,100.42744177851311,1493.0748697185288,40
MC-1003,179,1.6886647984229668,101.92232329374846,1494.823697313657,39
MC-1003,180,1.7400883547373287,104.37566823047915,1498.6918983894464,38
MC-1003,181,1.7653676626219708,103.34963806026127,1512.8811802691707,37
MC-1003,182,1.7366590639636945,104.65204237023522,1488.8589625221784,36
MC-1003,183,1.8482656260058312,105.26132976430429,1479.6353298736988,35
MC-1003,184,1.8304642651963787,101.58107836749123,1492.5583048207436,34
MC-1003,185,1.6891568029096782,104.02127974273657,1505.906995484931,33
MC-1003,186,1.8861560226052942,101.55489003529159,1521.3357445970662,32
MC-1003,187,1.8374435771826758,107.39578248603098,1488.9888225089928,31
MC-1003,188,1.7524555886923334,105.90869214385673,1520.0967544200798,30
MC-1003,189,1.8938796766449733,105.68662733176181,1488.6950975648008,29
MC-1003,190,1.8420345733397703,108.76161895752875,1509.7172304545309,28
MC-1003,191,1.8371753586957913,111.08804876262585,1519.0644450806915,27
MC-1003,192,1.8326821082353348,109.45639176104235,1499.6860640439077,26
MC-1003,193,1.8686507518055078,105.59161812961698,1501.3828579536905,25
MC-1003,194,1.8948763302771652,107.42509217506115,1499.5659640196188,24
MC-1003,195,1.9642511937115716,110.01990632854375,1486.5493382213685,23
MC-1003,196,2.0011384474739415,108.91072926537771,1494.6038208578611,22
MC-1003,197,1.8606160272933183,110.13089063872047,1499.7090821324546,21
MC-1003,198,1.912345265061915,111.22854387920304,1497.2300874393286,20
MC-1003,199,1.9028471189932026,107.61623364623111,1484.1886954723045,19
MC-1003,200,1.8945767690354305,110.43533103153938,1498.0806020395733,18
MC-1003,201,1.9228461720072398,110.5307854083085,1491.5387881576182,17
MC-1003,202,1.8677161663433939,113.21338653318064,1507.6839782067002,16
MC-1003,203,1.98962122311762,113.90334460513255,1503.61290469114,15
MC-1003,204,2.001952073141048,111.90056287005403,1515.598989026939,14
MC-1003,205,1.9964785822003888,114.16195213324049,1496.7867902930527,13
MC-1003,206,1.9734389054784351,111.2590095125573,1513.6638175423327,12
MC-1003,207,2.010398692174891,116.26014540272783,1498.458863600764,11
MC-1003,208,2.07438469414567,114.55404984213234,1475.6485423570248,10
MC-1003,209,1.9819141355038843,115.72079378928274,1508.4088004887744,9
MC-1003,210,2.0513966324369326,116.12289186254176,1513.5482921366129,8
MC-1003,211,2.0124113903239214,118.78872754038284,1472.5358118560205,7
MC-1003,212,2.0508258629332086,115.56299446503297,1493.5722239217796,6
MC-1003,213,2.059985707077951,116.4851710322325,1505.0183801443231,5
MC-1003,214,2.016617095238324,118.13666529595281,1492.3007401268087,4
MC-1003,215,2.083535162277537,117.59390113265245,1497.3700403753821,3
MC-1003,216,2.074419306503886,116.37296219502831,1507.9820080552824,2
MC-1003,217,2.1758932778748603,121.54027801498296,1499.125459932236,1
MC-1003,218,2.0697183331657016,119.15250079947826,1517.1876619747293,0
MC-1004,1,0.11797313588119876,78.80853634664571,1500.8247201156107,229
MC-1004,2,0.12693581254029057,81.63989964663136,1499.5105735892337,228
MC-1004,3,0.11231655538203977,83.73591150713696,1498.116268147494,227
MC-1004,4,0.15815230568146932,80.2170302551822,1499.19677879618,226
MC-1004,5,0.21911882184438136,81.83460972526925,1497.6765630848479,225
MC-1004,6,0.15657324784505566,78.67666861946405,1501.4049473274601,224
MC-1004,7,0.1720403971365097,81.13132258718859,1499.8553923366264,223
MC-1004,8,0.14511679024272098,78.97878271362016,1499.081208975577,222
MC-1004,9,0.16287312508805918,79.67129654565738,1500.5951270777234,221
MC-1004,10,0.26078059282524835,82.59249316123547,1499.4869640399845,220
MC-1004,11,0.16077127200321387,81.8533242849377,1500.1568468206924,219
MC-1004,12,0.10019286632812384,80.03307484977006,1501.8595614514206,218
MC-1004,13,0.1982201793197385,79.50637893505342,1498.3291015065522,217
MC-1004,14,0.22928086443270035,79.12615321484309,1497.9253805471214,216
MC-1004,15,0.17986398284991348,79.78907246713815,1498.0202130155612,215
MC-1004,16,0.1921642846923273,80.28588508983377,1497.8874987876436,214
MC-1004,17,0.35402332731236225,81.49396830930405,1502.2187561448125,213
MC-1004,18,0.262129854716665,78.90087821914663,1503.4446113542188,212
MC-1004,19,0.31553969290187484,79.4978082854779,1498.1937903885434,211
MC-1004,20,0.21517591453070165,80.12148943225853,1504.1596680062348,210
MC-1004,21,0.3472118730474484,79.95932506355422,1499.6568905384092,209
MC-1004,22,0.2749982421220798,79.3618536568668,1504.519662016549,208
MC-1004,23,0.22133491434479352,82.63976043224267,1500.561115977348,207
MC-1004,24,0.36474399142097946,80.06511104820014,1497.7592642806417,206
MC-1004,25,0.27190494191955245,81.40154201092983,1500.389219307152,205
MC-1004,26,0.21502098868413683,78.47162212188238,1507.8248118167185,204
MC-1004,27,0.3810662086838713,82.6648810291876,1503.1568916927579,203
MC-1004,28,0.30586908779669053,79.28673570392054,1504.3963876535588,202
MC-1004,29,0.38005759654129934,81.1585075242845,1495.1163839472401,201
MC-1004,30,0.40950760217313503,80.39434789168229,1500.3798360629041,200
MC-1004,31,0.3598045232477833,78.94210170157517,1505.5566468348186,199
MC-1004,32,0.2998152079961231,82.00786124693799,1501.9965748646187,198
MC-1004,33,0.4361412750139263,82.35779054002033,1496.8506878162684,197
MC-1004,34,0.2852224518007113,80.26462065728367,1500.3550918695767,196
MC-1004,35,0.39312900195917455,78.88143357215601,1502.9125798477155,195
MC-1004,36,0.4819857739502221,80.22161742860821,1492.9095813035258,194
MC-1004,37,0.37943024093998406,79.89377740273645,1494.2052144112151,193
MC-1004,38,0.5082623098973266,77.77951958126815,1496.6595279755854,192
MC-1004,39,0.5262722544890079,82.74964624496668,1503.2019638860202,191
MC-1004,40,0.39807656855623214,81.79557410040405,1498.1014063539626,190
MC-1004,41,0.5506914789790243,81.43611913968509,1501.4067972519304,189
MC-1004,42,0.4027722811219556,77.54617833462984,1506.0152956431637,188
MC-1004,43,0.4438700191214244,81.7400409487271,1493.4257367855607,187
MC-1004,44,0.4563337689507446,82.12333494942725,1504.1222044620738,186
MC-1004,45,0.4602319494409893,79.18047898014473,1499.6858659005277,185
MC-1004,46,0.49860029932588196,78.00308691637366,1499.1119293155052,184
MC-1004,47,0.5064483084875473,79.07201802766824,1492.9049772424748,183
MC-1004,48,0.5049772018798399,80.17076462014089,1500.6057052869994,182
MC-1004,49,0.5451035375609203,79.04961459900682,1498.755032392542,181
MC-1004,50,0.5643758032150097,80.96262643446201,1501.0012550686668,180
MC-1004,51,0.5703821995389109,81.26350918417826,1500.228132032549,179
MC-1004,52,0.5531784819488729,77.90724171979082,1495.0938811099459,178
MC-1004,53,0.5926431554574436,79.21669199025004,1505.0220708727836,177
MC-1004,54,0.5941633080812372,80.09744048507194,1501.5919350809684,176
MC-1004,55,0.5955117025116393,79.36538482720749,1503.4189751808262,175
MC-1004,56,0.547424681791669,81.37527165603011,1500.0644813325941,174
MC-1004,57,0.598437769877282,78.55404864116117,1495.5116923246585,173
MC-1004,58,0.677953135623117,79.86164703181298,1500.9993859018039,172
MC-1004,59,0.5546241633701661,78.63182261766727,1498.5362750108407,171
MC-1004,60,0.6029511605642103,80.79493462675805,1502.6216517968185,170
MC-1004,61,0.6067257430672548,80.89173662638865,1498.7748756656956,169
MC-1004,62,0.6563619300666885,79.34916300662967,1502.1042158510795,168
MC-1004,63,0.5835236636166535,81.28217992916713,1501.754204692014,167
MC-1004,64,0.7472965554434368,79.48833732893469,1501.7869758945972,166
MC-1004,65,0.6490219380037894,80.27757946213168,1494.0110672945953,165
MC-1004,66,0.6721584026093471,78.9217381200515,1504.2439412375122,164
MC-1004,67,0.7378533962619096,80.46332601677139,1498.0237222496226,163
MC-1004,68,0.5917234035796602,80.38317257366505,1504.6513615030658,162
MC-1004,69,0.6989214961043312,81.01568944140406,1503.2247404980585,161
MC-1004,70,0.5904952643014529,81.91680194093792,1499.783941363417,160
MC-1004,71,0.7717853876284774,83.73866564891136,1491.8825366511621,159
MC-1004,72,0.7264108510358577,80.22924940140973,1496.1863213725567,158
MC-1004,73,0.7287820265414054,79.56418928888358,1504.12311550527,157
MC-1004,74,0.7258073216987546,85.31693447566398,1495.076861767003,156
MC-1004,75,0.7833996731306025,81.92065688200528,1506.4488700706677,155
MC-1004,76,0.8075733057734082,81.16267973638067,1498.3149737183187,154
MC-1004,77,0.7743022566719946,81.8461896928708,1493.2417116263368,153
MC-1004,78,0.8693681603901574,81.26522406007889,1504.893819779056,152
MC-1004,79,0.7974136862048217,83.897246492795,1506.0815844776375,151
MC-1004,80,0.7340614753764286,79.8125815145737,1506.5066529204216,150
MC-1004,81,0.7398368255114809,80.67824728968245,1500.2216307601425,149
MC-1004,82,0.8163279242516237,80.5243036278428,1495.6819390285432,148
MC-1004,83,0.8679939486839369,80.31268864720154,1498.1198866859058,147
MC-1004,84,0.6990295609141223,82.11639548590034,1501.63147543655,146
MC-1004,85,0.8011482541488723,79.96668846180434,1506.2536477598537,145
MC-1004,86,0.8096255834465322,83.21585869674426,1503.5866752194054,144
MC-1004,87,0.8433414136711407,82.2449075446887,1495.3754799175235,143
MC-1004,88,0.8087618687844973,83.21908104570379,1491.952036640439,142
MC-1004,89,0.8702279025987839,82.89774811422592,1496.6879967776003,141
MC-1004,90,0.8404959843701127,80.51205307805581,1496.4434939461644,140
MC-1004,91,0.9626003571367985,82.23577440709401,1502.1945529983777,139
MC-1004,92,0.9040630568684793,82.30404691628088,1504.4227917960764,138
MC-1004,93,0.9389196952255843,82.77067805592881,1509.471804720858,137
MC-1004,94,0.9468647929050152,79.98309634242366,1493.1653440672205,136
MC-1004,95,0.9545850143816743,84.50308296766248,1499.5443914757795,135
MC-1004,96,0.845327496898139,83.90088251920554,1512.6464280195905,134
MC-1004,97,0.8886146966041992,82.3090661701933,1506.0345106022319,133
MC-1004,98,1.020969231873406,82.15478208061874,1502.856223980991,132
MC-1004,99,1.002928595491248,83.61818562217405,1502.3733723977216,131
MC-1004,100,0.947634972179765,84.75185658171819,1501.260741769767,130
MC-1004,101,0.9510102663756091,80.51226441809368,1492.5915066826808,129
MC-1004,102,0.995033399531891,83.26481844861394,1499.503757138322,128
MC-1004,103,1.0532535032940413,85.03154786529795,1496.1188561321474,127
MC-1004,104,0.987084792736126,86.44149548759246,1492.9295799609856,126
MC-1004,105,1.0120459794598962,85.88395093075583,1497.08482547329,125
MC-1004,106,1.0435493255288533,82.6214218082859,1503.0565289834994,124
MC-1004,107,1.0146664003433246,84.49231231674801,1501.286798660499,123
MC-1004,108,1.080534131724733,82.80564604265018,1496.0216903337907,122
MC-1004,109,0.98520048179103,84.89783032267749,1501.9975004810758,121
MC-1004,110,1.0532259818152534,83.1490235778025,1505.597831468998,120
MC-1004,111,1.0931818232507,86.00356107645759,1486.0469014845362,119
MC-1004,112,1.09330331503586,83.79137662698278,1498.8170977185723,118
MC-1004,113,1.06166344234482,85.41571773148681,1489.7642578326631,117
MC-1004,114,1.1465806699520102,85.12827786222475,1490.3601915338497,116
MC-1004,115,1.1307938098501302,83.7803234457098,1496.0161175957776,115
MC-1004,116,1.0706867068006494,85.36544192426551,1501.4889504654138,114
MC-1004,117,1.163737759851951,83.8322879277344,1497.8127233284663,113
MC-1004,118,1.1031764224455962,86.42043464514676,1496.0911799768269,112
MC-1004,119,1.218179113529785,86.5166784812941,1515.2643803519504,111
MC-1004,120,1.139741179969225,84.79158038140187,1496.2628362319133,110
MC-1004,121,1.198668273557779,83.28207978050838,1495.6475479049673,109
MC-1004,122,1.0836152149927814,86.06584196126782,1510.005854253201,108
MC-1004,123,1.1392910758076606,85.66419960556256,1491.080036680045,107
MC-1004,124,1.116947703677586,86.11534455914314,1497.8651005026009,106
MC-1004,125,1.265248854259183,86.79038110768897,1505.4532749285263,105
MC-1004,126,1.2115550574162102,87.63578239928003,1497.5410368405826,104
MC-1004,127,1.2482624390135195,84.65287205033682,1495.6161950000937,103
MC-1004,128,1.2647147888158277,84.93395998953606,1499.612632013205,102
MC-1004,129,1.15187266063973,84.94393779479591,1495.2731076569314,101
MC-1004,130,1.1792105781866433,87.33638746586288,1501.832994571981,100
MC-1004,131,1.1357530908189608,85.81242033450276,1496.1374771866388,99
MC-1004,132,1.2512276365740533,87.52652702069193,1497.581954170198,98
MC-1004,133,1.2690772939165853,89.35563369576353,1504.0154937577402,97
MC-1004,134,1.2615575828573231,88.25487974775315,1486.1463781417635,96
MC-1004,135,1.2670880144574796,90.38892546150502,1499.9822256941854,95
MC-1004,136,1.1818782952541638,87.92890605675902,1495.88561124146,94
MC-1004,137,1.2423385561020373,90.27786924310472,1497.3812014413975,93
MC-1004,138,1.2857476596480957,91.1592178963299,1496.1450676570266,92
MC-1004,139,1.3410159853724661,86.90153979285448,1492.77088400673,91
MC-1004,140,1.3529704513655563,90.9787189664192,1503.9643126813207,90
MC-1004,141,1.2852200382675538,87.86191518426914,1476.625519257645,89
MC-1004,142,1.3082480026324879,88.9380668417537,1508.089516919342,88
MC-1004,143,1.3689988515791385,88.77574131341215,1503.4709269300688,87
MC-1004,144,1.2960098341750799,88.65740528971953,1501.9782859664847,86
MC-1004,145,1.294208329796965,89.28522152765234,1495.002165078104,85
MC-1004,146,1.3030508229431375,89.9912116408084,1508.49871209208,84
MC-1004,147,1.37738572896667,90.70917747841506,1511.521018654657,83
MC-1004,148,1.459384394660387,90.58571215087566,1499.1909648096257,82
MC-1004,149,1.3975276182955338,90.55331601938543,1509.2536904627384,81
MC-1004,150,1.338718036710161,91.41713437246383,1510.0325611766057,80
MC-1004,151,1.377687899233979,91.42548861941017,1499.0413864356246,79
MC-1004,152,1.4261090502487965,94.17928651766321,1519.652564760818,78
MC-1004,153,1.4280659129252764,91.60684878961526,1497.2697238003614,77
MC-1004,154,1.4728012326354312,93.79484964154504,1505.1874443978038,76
MC-1004,155,1.4432142946929634,93.23807946085418,1506.9242175066297,75
MC-1004,156,1.5325027836392577,91.94817759946744,1515.4857457006106,74
MC-1004,157,1.461864127684708,94.0012111450249,1495.4474074321818,73
MC-1004,158,1.519762544239168,90.67727379215295,1503.502235350783,72
MC-1004,159,1.4840233223269599,93.16865601773411,1493.9356385757992,71
MC-1004,160,1.427302953588097,91.85222637032811,1505.2092648965076,70
MC-1004,161,1.5121794897555632,93.04543514318031,1508.1655008825112,69
MC-1004,162,1.5215221005920536,95.17399669264701,1501.223543746133,68
MC-1004,163,1.4589687495668393,93.24784342951054,1492.9065336945657,67
MC-1004,164,1.5217683914010132,92.63209171695226,1487.173709861337,66
MC-1004,165,1.545293262580327,93.80557915301331,1486.052544509537,65
MC-1004,166,1.547180416649822,93.09171880894966,1504.7544411774456,64
MC-1004,167,1.5863883408945394,96.59572544738145,1489.6987999106923,63
MC-1004,168,1.6227676627684926,93.4600124215112,1497.5258106103447,62
MC-1004,169,1.5628541960532696,93.94105870102031,1503.293427804261,61
MC-1004,170,1.5711144801003267,94.02462977728786,1502.7402279647727,60
MC-1004,171,1.601295320047105,95.53666176106209,1495.6588726524083,59
MC-1004,172,1.5321275433229842,96.75416146538832,1499.0800194565766,58
MC-1004,173,1.6517094779329389,97.71567171726674,1513.6211584281998,57
MC-1004,174,1.6509379207183397,96.23050355650302,1508.286950146994,56
MC-1004,175,1.5478226971956626,97.24026777913838,1495.635688755559,55
MC-1004,176,1.6899755296135706,95.85290146739393,1514.2532596111314,54
MC-1004,177,1.686503280258933,98.72695091405762,1495.6042724651948,53
MC-1004,178,1.6269184380886363,95.70765218394804,1517.4494374702817,52
MC-1004,179,1.7150320157991232,99.07629865581093,1501.9213210642986,51
MC-1004,180,1.6819859516938718,99.48534043324445,1507.1917388984061,50
MC-1004,181,1.6060383670624003,99.48726935624276,1486.508936305709,49
MC-1004,182,1.6281258666555865,99.1592097140195,1504.78786382171,48
MC-1004,183,1.6946514317517263,97.07658157419073,1512.6720095548235,47
MC-1004,184,1.7251499410976106,103.14377351741314,1518.7580916665374,46
MC-1004,185,1.6702016697438387,101.80246580914086,1480.4290271825087,45
MC-1004,186,1.7076553341576353,102.78612585850253,1505.285317954151,44
MC-1004,187,1.77280261746662,101.98478173407501,1488.972794830199,43
MC-1004,188,1.7834869676552774,101.65488072329167,1481.0623228497445,42
MC-1004,189,1.7612409846785673,102.35146217474377,1496.3426219238274,41
MC-1004,190,1.7780753337214734,104.25726862588077,1495.7215600949912,40
MC-1004,191,1.6951455554170454,103.25515409030974,1493.7115806909608,39
MC-1004,192,1.718122986779204,102.76134254225796,1490.6488230952739,38
MC-1004,193,1.6177364736199789,104.69289382434351,1511.0256495797996,37
MC-1004,194,1.7250916892726815,104.36765543316272,1511.1508444864858,36
MC-1004,195,1.814418874890204,106.20853934348699,1514.765018485579,35
MC-1004,196,1.8696839888207484,103.01249903210206,1491.184328264379,34
MC-1004,197,1.8052481669733227,107.83935741516488,1506.3456818071945,33
MC-1004,198,1.7634355422220505,105.10593100977704,1505.552498544519,32
MC-1004,199,1.8357705729833467,107.97670311464502,1500.2616315639648,31
MC-1004,200,1.8626106826772495,107.38958522815929,1514.7226343797208,30
MC-1004,201,1.9655108694765793,106.58618330204666,1498.168862016499,29
MC-1004,202,1.863334774095472,107.95122135797905,1492.7199387590856,28
MC-1004,203,1.853215776044822,108.38508801417007,1490.4558696282627,27
MC-1004,204,1.898718241630373,110.76190060034179,1522.5342482267556,26
MC-1004,205,1.9435058574814534,110.64094671869093,1505.4566584016136,25
MC-1004,206,1.8927161070444831,109.5802403506058,1507.0624445681824,24
MC-1004,207,1.8720568464021257,110.73580479594608,1502.101741168904,23
MC-1004,208,1.8360121206498867,112.0639784580985,1494.5286567262867,22
MC-1004,209,1.9574682246532196,110.33920180399524,1514.9007767877124,21
MC-1004,210,1.8445411111256005,111.79886660511528,1486.4508881038664,20
MC-1004,211,1.8810112743399163,113.15299114838848,1486.9511221001933,19
MC-1004,212,2.0035028878156558,110.66295227381595,1487.068554456565,18
MC-1004,213,1.931815560801269,113.91416232144002,1513.5094118915772,17
MC-1004,214,1.93830819343913,113.99964991142458,1511.1213816648808,16
MC-1004,215,1.9545473780383396,113.73572944511443,1501.247465796873,15
MC-1004,216,1.988193886915713,111.76538014049477,1501.355966947781,14
MC-1004,217,2.030856978332726,114.47309008015313,1505.1325285510902,13
MC-1004,218,2.0238278446315796,113.54359380291311,1497.3554326602057,12
MC-1004,219,2.0548510140087584,115.44689630343397,1496.030149360742,11
MC-1004,220,1.9404295826165054,116.1807944224974,1503.7500527665195,10
MC-1004,221,2.0119699085428264,117.97311042744906,1494.977737492005,9
MC-1004,222,2.027231437125553,115.89375002741384,1516.8754041438544,8
MC-1004,223,1.9820906742214115,112.08956526788147,1523.4685945514982,7
MC-1004,224,2.0034369349007943,118.74972761904786,1489.2090871055586,6
MC-1004,225,2.1602368228577102,117.8980640241301,1485.1308205814835,5
MC-1004,226,2.0202340280965667,117.77974053633845,1490.2890595915635,4
MC-1004,227,1.9747841297883557,116.98364708533889,1488.4622493223092,3
MC-1004,228,2.095540426501869,119.91275295292358,1499.5987465925532,2
MC-1004,229,1.95926768080285,117.9727555049578,1488.0673562819852,1
MC-1004,230,2.010283497138238,120.52835620851863,1513.8900382846152,0
MC-1005,1,0.05339757013449021,78.23794602547245,1498.607931111392,207
MC-1005,2,0.09261927436796945,78.80066512345869,1497.633322043879,206
MC-1005,3,0.24994984459287595,81.96967894566212,1499.0608178484304,205
MC-1005,4,0.12930927877356427,82.34090084115162,1502.422900767037,204
MC-1005,5,0.08300371383348486,79.37889834206136,1497.6634163180252,203
MC-1005,6,0.16567692309247456,75.49580961400315,1501.0592308400783,202
MC-1005,7,0.17513210328932607,80.98318306273295,1495.8736688047118,201
MC-1005,8,0.12795284602075577,80.32511138887136,1499.9408518254725,200
MC-1005,9,0.17584524239842192,78.72259653517763,1497.5967500404377,199
MC-1005,10,0.08995215597487377,80.49300686274702,1499.6956264269393,198
MC-1005,11,0.21633390412738523,79.08231937592504,1497.0196720728436,197
MC-1005,12,0.19505271902477844,80.84892791431645,1503.1951897189022,196
MC-1005,13,0.2565185137721284,81.74725476665864,1496.4484869789846,195
MC-1005,14,0.22434122557518094,80.6323600897023,1500.767308028031,194
MC-1005,15,0.24681285547953696,76.83645280625358,1498.1667541533125,193
MC-1005,16,0.20830943061884713,80.60828152341966,1499.369252500227,192
MC-1005,17,0.16455984058386056,82.84834411140885,1500.0165878735884,191
MC-1005,18,0.273923571456369,80.83999265287987,1500.5477982705013,190
MC-1005,19,0.21780993837415902,81.46452633102396,1501.9380880468332,189
MC-1005,20,0.3706346712625313,79.81574057920409,1504.5198198155392,188
MC-1005,21,0.3752774175278866,78.31651827189182,1502.1142172256432,187
MC-1005,22,0.31723789555558124,81.4633880607166,1498.2866346790336,186
MC-1005,23,0.34653483387661743,83.34470557892162,1500.2527149061473,185
MC-1005,24,0.3610174149755445,79.9212986835864,1501.378164764669,184
MC-1005,25,0.3510227255272095,81.77941297063542,1502.8875528995206,183
MC-1005,26,0.26412710593505256,78.71649007252982,1499.1772620192376,182
MC-1005,27,0.4506200804914203,79.27884537886688,1493.8585881642568,181
MC-1005,28,0.39998170553892476,79.60539370911626,1494.8987196284793,180
MC-1005,29,0.3824007395541985,81.15878382858182,1499.5179438467749,179
MC-1005,30,0.35402698768813967,78.4938006350874,1495.1629046936964,178
MC-1005,31,0.4601860228256153,80.69141784069546,1494.666444710254,177
MC-1005,32,0.5224126459255811,80.17649034647125,1504.0049408200373,176
MC-1005,33,0.3421905741635814,80.09714733444842,1499.9053561419807,175
MC-1005,34,0.4408988384495266,80.03959467507855,1496.272179922545,174
MC-1005,35,0.4338035801709308,78.17440929303183,1500.170609168693,173
MC-1005,36,0.5054069949928156,81.15366035913794,1496.592534429565,172
MC-1005,37,0.4679446020140983,80.26066902483436,1504.1222192092696,171
MC-1005,38,0.4183001045323221,80.3435623282068,1500.6140921476756,170
MC-1005,39,0.44968087692049147,80.83836851359327,1498.6409873721104,169
MC-1005,40,0.4797591836576115,80.53947634883376,1498.0329502994093,168
MC-1005,41,0.4843809951770843,82.93236190049491,1499.1810775637027,167
MC-1005,42,0.42501578001734824,79.80936637524495,1499.5489677766134,166
MC-1005,43,0.4693253059654159,80.17061596712328,1497.800446210572,165
MC-1005,44,0.5199304234043844,80.48362979275245,1504.4338380491895,164
MC-1005,45,0.4873640203062818,82.05070367769784,1502.0921931895782,163
MC-1005,46,0.5116913667960947,78.62904774420855,1497.081157370922,162
MC-1005,47,0.6178070369491999,80.56580182163702,1497.7033114588303,161
MC-1005,48,0.5451127500709549,80.48427506760093,1500.5135571216413,160
MC-1005,49,0.5901352062988637,81.64867488296149,1504.0365365330224,159
MC-1005,50,0.4827117924597617,80.0499840399716,1494.9588052381832,158
MC-1005,51,0.6054897147943901,81.05396815078248,1492.075684549861,157
MC-1005,52,0.5424880069832607,80.16455012453409,1492.609745639273,156
MC-1005,53,0.6111489605558562,77.97539641435668,1498.842395478396,155
MC-1005,54,0.6102643592121205,83.72955180555572,1491.4373608510757,154
MC-1005,55,0.643724538635344,82.3749992009722,1498.9677919746102,153
MC-1005,56,0.6423039762240281,82.03037148424417,1495.405387695514,152
MC-1005,57,0.684093602087843,80.56890917766086,1499.5595941398506,151
MC-1005,58,0.7164657772514534,79.47165761023756,1500.1393838162758,150
MC-1005,59,0.7105434715929176,82.10189529734066,1494.6433098442312,149
MC-1005,60,0.7103010771682687,81.67826298346155,1498.5756357117316,148
MC-1005,61,0.7052252319043472,80.39469518181947,1490.8794992650676,147
MC-1005,62,0.6495708932181307,83.97290334733822,1497.1451485367036,146
MC-1005,63,0.6967781080991405,80.68035950008493,1498.4957474005607,145
MC-1005,64,0.7922672048205953,80.29632503114819,1492.0932622109908,144
MC-1005,65,0.7091051774386349,82.1812329341436,1503.088084994516,143
MC-1005,66,0.6563446387038603,81.9994065159887,1498.8711129874168,142
MC-1005,67,0.7161772738201074,82.33497776940737,1495.3841434566073,141
MC-1005,68,0.8572474661066313,82.45497857338705,1495.7446197338602,140
MC-1005,69,0.7595685359977559,80.38866598317296,1494.9245030171444,139
MC-1005,70,0.8221591991242059,81.06297629746292,1504.4381846633755,138
MC-1005,71,0.8588694785856791,80.10897255895082,1501.3495875882343,137
MC-1005,72,0.7683978107573212,80.09278588830186,1504.5073799568156,136
MC-1005,73,0.7929330580956592,80.66201822371127,1496.848339259535,135
MC-1005,74,0.7040802580957238,81.23044968221559,1491.6124818397175,134
MC-1005,75,0.8364723941437952,83.41315319348601,1504.534924302727,133
MC-1005,76,0.9167802669725741,82.26537287666851,1498.7937238044858,132
MC-1005,77,0.7864247152963814,81.93625570161576,1502.7761979844197,131
MC-1005,78,0.7916050662307917,83.37996506549018,1498.1261884953037,130
MC-1005,79,0.827037449421038,83.7875791841733,1505.7265766774353,129
MC-1005,80,0.8024693117473318,82.46643706838701,1498.6402267701965,128
MC-1005,81,0.9344485027636471,83.04164140169179,1499.3990004689201,127
MC-1005,82,0.8962848924605007,81.8473966615973,1497.7913851310818,126
MC-1005,83,0.7753885545124882,84.7681004446875,1502.8394077832813,125
MC-1005,84,0.9520681349483467,81.97273424628698,1493.822067938221,124
MC-1005,85,0.8168370706201833,84.72230433567036,1496.426198163316,123
MC-1005,86,1.049693071619271,84.00010065517839,1497.1945144112026,122
MC-1005,87,1.005215745766488,83.72575564707293,1497.4771349844875,121
MC-1005,88,0.9342189747926657,83.9598078215091,1500.425786248113,120
MC-1005,89,0.9443852937481724,83.36618123474416,1512.5705785953248,119
MC-1005,90,1.0483019424795987,85.07818318887524,1505.6748249689606,118
MC-1005,91,0.9483568729982552,83.71211055582151,1503.9008777509073,117
MC-1005,92,0.9607696865610471,81.3425210542019,1503.465630638618,116
MC-1005,93,1.002541548282181,83.39815281493686,1500.5001738370418,115
MC-1005,94,1.0861280925628225,83.81545552765081,1499.5733782478592,114
MC-1005,95,1.0404678146483404,81.9737301511373,1498.569636774433,113
MC-1005,96,1.0188356310639501,84.90890223472736,1497.3583255238862,112
MC-1005,97,1.0047472752746478,84.49568144260414,1496.7401110065755,111
MC-1005,98,1.0701138485814516,84.79891036871835,1499.5640374394293,110
MC-1005,99,1.116762381602931,83.72718018005311,1503.0006049558167,109
MC-1005,100,0.9692016165163493,85.20239620622866,1509.5085843397603,108
MC-1005,101,1.0648624615544522,86.59349150198888,1497.737628654134,107
MC-1005,102,1.0654432296260905,84.80055278427822,1493.269780777023,106
MC-1005,103,1.023723194341825,84.57060950277115,1503.5815623101446,105
MC-1005,104,1.170893905884938,85.12635925859874,1512.327107912024,104
MC-1005,105,1.097022814470612,85.89100615162336,1497.052368068604,103
MC-1005,106,1.1436739584649491,81.3406313363859,1501.9889870666934,102
MC-1005,107,1.1467806201479334,85.45951363838384,1489.5015750105736,101
MC-1005,108,1.1042457864796231,87.87213391283315,1498.8741476520013,100
MC-1005,109,1.1905365012024427,85.18230194608255,1497.8701962145667,99
MC-1005,110,1.204048617962085,84.53198362509323,1504.8060147621914,98
MC-1005,111,1.2111674078628283,86.77290247581156,1511.3694834988607,97
MC-1005,112,1.1977595010387405,85.45213682779594,1501.9274502244461,96
MC-1005,113,1.232963169476908,84.97687725058371,1498.5691758260607,95
MC-1005,114,1.2338430909225415,85.63737968315334,1494.484748164854,94
MC-1005,115,1.3300032171908203,87.05223062249313,1506.6487186031388,93
MC-1005,116,1.2355030110436844,85.99124615943839,1505.9115053989044,92
MC-1005,117,1.187288246527161,85.44710399443908,1506.5269332814466,91
MC-1005,118,1.2374540034445005,86.05387857055108,1501.6335328615164,90
MC-1005,119,1.2438652248548847,87.9462101684749,1499.5010536072737,89
MC-1005,120,1.3093193783457904,86.27835968140359,1501.4348967126193,88
MC-1005,121,1.2216216544874596,86.90863623345952,1501.488129218772,87
MC-1005,122,1.2482242097365466,87.22208617646898,1495.6737575453762,86
MC-1005,123,1.2840510998901198,89.62924848625936,1505.8934154435437,85
MC-1005,124,1.2633642077023095,86.63902149425324,1501.056185274908,84
MC-1005,125,1.356763139274613,88.68231701716518,1494.52971426101,83
MC-1005,126,1.3390741441678626,91.34709535385298,1505.8257426567134,82
MC-1005,127,1.2831697179060566,90.40709380057672,1500.5625293316045,81
MC-1005,128,1.4061774059200585,90.57439674586531,1503.8305488665812,80
MC-1005,129,1.3117197487186096,89.42299195215695,1498.4749946705913,79
MC-1005,130,1.3674768339238879,88.69099634130053,1503.4510189614077,78
MC-1005,131,1.2850779167306572,88.9680646433176,1494.766549097165,77
MC-1005,132,1.3910298118620008,91.49443815743574,1485.743430807668,76
MC-1005,133,1.3383137335381812,87.10372498313778,1506.1859748084705,75
MC-1005,134,1.3969374071425216,91.2282276421738,1508.5233641905302,74
MC-1005,135,1.4748724005393379,88.68430096337295,1506.9499980541634,73
MC-1005,136,1.4632308990666818,91.64322681954717,1486.565888106545,72
MC-1005,137,1.4066729528965334,90.83934019370074,1501.4794465969812,71
MC-1005,138,1.3389438279892747,90.39797594658606,1493.073416890459,70
MC-1005,139,1.4403786982260935,90.68085937009288,1491.4680937730018,69
MC-1005,140,1.4194251351127536,93.37003883797964,1501.167291080235,68
MC-1005,141,1.4925213452055732,95.49524677415691,1499.5133656190933,67
MC-1005,142,1.4329186873088429,93.69191890438583,1508.4536540813342,66
MC-1005,143,1.566564075393695,97.85239295418226,1489.140473770188,65
MC-1005,144,1.5516909878521612,93.47530485184487,1492.1504564055847,64
MC-1005,145,1.4291217691127012,92.99361733982454,1489.1097555506576,63
MC-1005,146,1.437176540865127,94.17062333972052,1492.7179599693184,62
MC-1005,147,1.4806485128164792,96.98685006171156,1504.2768163370126,61
MC-1005,148,1.5144491955421173,94.4465297790167,1505.5041153183593,60
MC-1005,149,1.585200645521232,98.04891984214926,1503.9458772841435,59
MC-1005,150,1.4995089775185897,93.69541928376294,1502.387483351124,58
MC-1005,151,1.483831780285454,95.20186608877498,1503.5368431980687,57
MC-1005,152,1.5907270009511847,95.9628754697483,1486.1811414300444,56
MC-1005,153,1.5580642724785292,95.734440615356,1497.3580586661537,55
MC-1005,154,1.5146073542826153,97.30149572838667,1501.3486901556405,54
MC-1005,155,1.4910647801834354,98.06030894964262,1497.9311021431613,53
MC-1005,156,1.5668976720674923,96.0372315926295,1505.0932600167323,52
MC-1005,157,1.6274650654933682,96.53085473399842,1494.9566552304377,51
MC-1005,158,1.6409345822503623,95.83737513531567,1497.2492535284775,50
MC-1005,159,1.6324323777953764,99.2450019246236,1501.999744923866,49
MC-1005,160,1.5925417052087258,97.083626887454,1484.57470910089,48
MC-1005,161,1.6021903385896477,95.57670826708141,1474.3475518121588,47
MC-1005,162,1.6672630353782625,101.38095773912349,1496.1920755868675,46
MC-1005,163,1.6317809090444164,98.17715521880227,1483.675141212207,45
MC-1005,164,1.7229105002388365,99.8139685922184,1499.5046895164244,44
MC-1005,165,1.6896629794952662,102.23096034982699,1497.6998698523441,43
MC-1005,166,1.725240321622182,101.96240569675136,1516.124803814734,42
MC-1005,167,1.6966858661298807,103.96126937147812,1516.7837398799652,41
MC-1005,168,1.7416841146291606,101.86037692100852,1515.7887213589881,40
MC-1005,169,1.7548662233650152,98.80907450847909,1495.757276624878,39
MC-1005,170,1.7410117294297316,102.4828122487492,1501.322161478156,38
MC-1005,171,1.732776726256058,99.41794604465426,1505.9819472092086,37
MC-1005,172,1.77632355424031,101.56519344869162,1492.7895570086446,36
MC-1005,173,1.756220272199469,102.40264449461122,1498.6373950539808,35
MC-1005,174,1.723145782659276,101.99692844856173,1492.660915710373,34
MC-1005,175,1.8092708404186126,103.56054718555896,1507.0054033727274,33
MC-1005,176,1.871477875050283,102.73582602063092,1505.8474627558599,32
MC-1005,177,1.82200915367763,105.97405297309557,1504.1337312057851,31
MC-1005,178,1.7998611701959817,107.03034489588858,1515.4576620176365,30
MC-1005,179,1.848049496575728,101.61990318363458,1504.562723702559,29
MC-1005,180,1.7534941908106305,103.4622790947303,1476.8386172726564,28
MC-1005,181,1.9098780020106454,105.35925600189772,1507.197220416237,27
MC-1005,182,1.8431802497784116,107.00365465050858,1503.2726215853822,26
MC-1005,183,1.855206542596817,107.1988722189918,1481.8503513402966,25
MC-1005,184,1.8679117646607133,107.84669988081178,1484.894358239317,24
MC-1005,185,1.9090247174279487,109.07942713605028,1470.2388660508766,23
MC-1005,186,1.8357802223106694,107.78029913989388,1503.3912588634078,22
MC-1005,187,1.8213305043785692,109.76277539887607,1491.6459257436986,21
MC-1005,188,1.8615661913781265,110.18736449125942,1501.823743121409,20
MC-1005,189,1.9192672229832972,112.39933030487978,1489.0395353213828,19
MC-1005,190,1.8279930216915632,109.53355416526611,1500.9263205512862,18
MC-1005,191,1.9449233330876667,111.48976873342984,1483.9485955556638,17
MC-1005,192,1.916455939300153,111.58633165146742,1505.8310247967781,16
MC-1005,193,1.9345982926867975,108.93045732150223,1498.6943027576701,15
MC-1005,194,2.0127917329682905,111.1853431435014,1492.025120848543,14
MC-1005,195,1.9957985033957917,113.10045935140128,1516.0438093841035,13
MC-1005,196,1.9257544268917115,114.22795125904864,1511.3864725990566,12
MC-1005,197,1.9601178412502986,114.60955862477687,1513.3830262632546,11
MC-1005,198,1.9173115923794328,111.88565309752101,1480.2118561291418,10
MC-1005,199,2.0462139092761684,114.71507332286794,1492.408539642943,9
MC-1005,200,2.005319330027732,113.72208924916414,1505.4334182946066,8
MC-1005,201,2.067296405214975,117.37711771898746,1484.736211739744,7
MC-1005,202,2.013417937039177,118.09655415003415,1492.6489778746272,6
MC-1005,203,2.1167584766816163,116.71005792601282,1508.851668013098,5
MC-1005,204,2.1248195245807056,118.41975453562057,1522.0563647774593,4
MC-1005,205,2.081403825806938,121.0337027670351,1498.2536462127864,3
MC-1005,206,2.0348593330209566,122.16471534180624,1476.0007429278985,2
MC-1005,207,2.0995949968773187,119.99143435056648,1474.2966352213962,1
MC-1005,208,2.0592043838519976,119.40149204315692,1510.5595228587806,0
